salesperson_id,first_name,last_name
1,Olivia,Smith
2,Liam,Johnson
3,Sophia,Williams
4,Noah,Brown
5,Ava,Jones
6,Isabella,Garcia
7,Jackson,Miller
8,Ethan,Davis
9,Mia,Rodriguez
10,Lucas,Martinez
11,Aiden,Hernandez
12,Ella,Lopez
13,Caden,Gonzalez
14,Abigail,Wilson
15,Scarlett,Anderson
16,Lily,Thomas
17,Amelia,Taylor
18,Benjamin,Moore
19,Henry,Jackson
20,Grace,Martin
21,Evelyn,Lee
22,Logan,Perez
23,Avery,Thompson
24,Michael,White
25,Harper,Harris
26,Evelyn,Sanchez
27,Mason,Clark
28,Chloe,Ramirez
29,Alexander,Lewis
30,Aria,Robinson
31,Daniel,Walker
32,Mila,Young
33,Matthew,Allen
34,Zoe,King
35,David,Wright
36,Sofia,Scott
37,Christopher,Torres
38,Lily,Nguyen
39,Andrew,Hill
40,Aubrey,Flores
41,Joseph,Green
42,Hannah,Adams
43,James,Nelson
44,Grace,Baker
45,William,Hall
46,Victoria,Rivera
47,Emma,Campbell
48,Sophie,Mitchell
49,Elijah,Carter
50,Emily,Roberts